LOCATION_NAME,LATITUDE,LONGITUDE,DEMAND_UNITS
15001,40.60000000000024,-80.27999999999966,289
15003,40.59000000000012,-80.20999999999938,36
15005,40.639999999999816,-80.18999999999951,110
15007,40.639999999999816,-79.93000000000023,78
15009,40.69000000000013,-80.33000000000074,148
15010,40.76000000000018,-80.33000000000074,96
15012,40.13999999999983,-79.83000000000072,57
15014,40.60000000000024,-79.74000000000059,35
15015,40.62999999999969,-80.08000000000072,33
15017,40.34000000000012,-80.11000000000037,204
15018,40.27000000000031,-79.79000000000062,211
15019,40.39999999999976,-80.36000000000037,305
15021,40.38999999999982,-80.43999999999951,63
15022,40.13999999999983,-79.91999999999928,418
15024,40.55999999999987,-79.84000000000013,17
15025,40.29000000000037,-79.90999999999987,527
15026,40.51000000000018,-80.34000000000013,195
15027,40.65999999999988,-80.22999999999963,334
15030,40.579999999999934,-79.77999999999966,128
15031,40.36000000000018,-80.15999999999987,118
15033,40.170000000000066,-79.86000000000037,183
15034,40.35000000000024,-79.88000000000024,595
15035,40.3799999999997,-79.79999999999951,0
15037,40.26000000000018,-79.84999999999951,4
15042,40.68000000000019,-80.20999999999938,60
15043,40.56999999999981,-80.4900000000006,37
15044,40.62000000000031,-79.93999999999951,60
15045,40.319999999999816,-79.88000000000024,394
15049,40.54999999999975,-79.79999999999951,296
15050,40.54000000000037,-80.43000000000023,1201
15051,40.56999999999981,-79.88000000000024,284
15052,40.65999999999988,-80.40999999999987,175
15053,40.3799999999997,-80.38999999999963,132
15055,40.309999999999874,-80.13999999999963,53
15056,40.55999999999987,-80.20000000000049,0
15057,40.36000000000018,-80.25,205
15059,40.64999999999976,-80.45999999999938,428
15060,40.36000000000018,-80.29000000000062,225
15061,40.670000000000066,-80.29000000000062,161
15062,40.14999999999976,-79.88000000000024,103
15063,40.190000000000126,-79.91999999999928,275
15064,40.36000000000018,-80.1500000000005,509
15065,40.62000000000031,-79.72000000000034,160
15066,40.72999999999969,-80.29000000000062,161
15067,40.20000000000025,-79.95000000000049,164
15068,40.56999999999981,-79.74000000000059,31
15071,40.420000000000066,-80.20000000000049,989
15074,40.709999999999624,-80.25999999999941,7
15076,40.610000000000184,-79.83000000000072,87
15077,40.62000000000031,-80.40999999999987,35
15078,40.36000000000018,-80.38999999999963,387
15083,40.22999999999969,-79.79000000000062,279
15084,40.610000000000184,-79.77999999999966,0
15085,40.3799999999997,-79.75,39
15086,40.65999999999988,-80.08000000000072,28
15089,40.20000000000025,-79.75,414
15090,40.610000000000184,-80.06000000000049,442
15101,40.55999999999987,-79.95999999999938,40
15102,40.319999999999816,-80.02999999999966,129
15104,40.39999999999976,-79.86000000000037,190
15106,40.39999999999976,-80.09000000000013,392
15108,40.51000000000018,-80.18000000000023,156
15110,40.3700000000003,-79.84999999999951,119
15112,40.39999999999976,-79.83000000000072,464
15116,40.53000000000024,-79.95999999999938,11
15120,40.38999999999982,-79.90000000000049,605
15122,40.36000000000018,-79.88999999999963,220
15126,40.45000000000025,-80.25999999999941,269
15129,40.29000000000037,-80.0,107
15131,40.34000000000012,-79.81000000000049,121
15132,40.34000000000012,-79.84000000000013,242
15133,40.329999999999934,-79.86000000000037,78
15135,40.29999999999975,-79.81000000000049,64
15136,40.46999999999976,-80.08000000000072,1051
15137,40.3700000000003,-79.81000000000049,99
15139,40.51000000000018,-79.83000000000072,45
15140,40.39999999999976,-79.77000000000037,60
15142,40.3799999999997,-80.11999999999975,294
15143,40.54999999999975,-80.1500000000005,592
15144,40.54000000000037,-79.77999999999966,159
15145,40.40999999999988,-79.81999999999977,13
15146,40.420000000000066,-79.75999999999941,48
15147,40.48999999999982,-79.83000000000072,1037
15148,40.38999999999982,-79.79999999999951,287
15201,40.46999999999976,-79.95000000000049,160
15202,40.5,-80.06000000000049,23
15203,40.420000000000066,-79.97000000000034,136
15204,40.45000000000025,-80.06000000000049,265
15205,40.430000000000184,-80.06999999999977,55
15206,40.45999999999963,-79.90999999999987,98
15207,40.39999999999976,-79.93000000000023,137
15208,40.45000000000025,-79.88999999999963,77
15209,40.48999999999982,-79.97000000000034,374
15210,40.39999999999976,-79.97999999999963,116
15211,40.420000000000066,-80.00999999999941,73
15212,40.45999999999963,-80.00999999999941,178
15213,40.44000000000013,-79.95000000000049,99
15214,40.47999999999969,-80.00999999999941,60
15215,40.48999999999982,-79.90999999999987,179
15216,40.38999999999982,-80.02999999999966,64
15217,40.430000000000184,-79.91999999999928,113
15218,40.420000000000066,-79.88000000000024,61
15219,40.44000000000013,-79.97000000000034,256
15220,40.40999999999988,-80.04999999999951,210
15221,40.430000000000184,-79.86999999999976,192
15222,40.44000000000013,-80.0,17
15223,40.5,-79.95000000000049,148
15224,40.45999999999963,-79.93999999999951,158
15225,40.51000000000018,-80.13000000000025,154
15226,40.38999999999982,-80.00999999999941,104
15227,40.3700000000003,-79.97000000000034,7
15228,40.3700000000003,-80.04000000000062,120
15229,40.51000000000018,-80.02999999999966,99
15232,40.45000000000025,-79.93000000000023,0
15233,40.45999999999963,-80.02000000000037,199
15234,40.36000000000018,-80.00999999999941,122
15235,40.45999999999963,-79.81999999999977,278
15236,40.34000000000012,-79.97000000000034,217
15237,40.54999999999975,-80.02999999999966,330
15238,40.51000000000018,-79.86999999999976,61
15239,40.46999999999976,-79.72999999999963,121
15241,40.329999999999934,-80.06999999999977,359
15243,40.3700000000003,-80.06999999999977,119
15301,40.170000000000066,-80.25,95
15310,39.819999999999816,-80.45000000000049,55
15311,40.059999999999874,-80.18999999999951,280
15312,40.27000000000031,-80.45000000000049,73
15313,40.059999999999874,-80.02000000000037,914
15314,40.11000000000017,-80.0,142
15317,40.27000000000031,-80.1500000000005,114
15320,39.879999999999704,-79.97000000000034,97
15321,40.319999999999816,-80.20000000000049,335
15322,39.98999999999982,-80.00999999999941,79
15323,40.129999999999704,-80.38000000000025,205
15324,40.10000000000024,-80.06000000000049,40
15327,39.75,-79.97000000000034,121
15329,40.02000000000031,-80.25999999999941,471
15330,40.180000000000184,-80.06000000000049,309
15331,40.10000000000024,-80.02000000000037,123
15332,40.25,-79.97000000000034,63
15333,40.02000000000031,-80.02999999999966,105
15337,39.89999999999976,-80.38999999999963,178
15338,39.799999999999756,-79.93000000000023,246
15340,40.29000000000037,-80.29999999999951,178
15341,39.84000000000012,-80.33000000000074,154
15342,40.23999999999982,-80.22000000000034,505
15344,39.930000000000184,-80.04999999999951,162
15345,40.03000000000024,-80.11000000000037,231
15346,39.94000000000012,-80.08000000000072,206
15349,39.73999999999982,-80.09000000000013,176
15352,39.75,-80.45000000000049,223
15353,39.96999999999976,-80.31000000000049,0
15357,39.94000000000012,-79.97999999999963,456
15359,39.89999999999976,-80.27999999999966,53
15360,40.09000000000012,-80.09000000000013,937
15362,39.76000000000018,-80.25999999999941,6
15363,40.20999999999963,-80.13999999999963,167
15364,39.950000000000244,-80.22000000000034,42
15367,40.27000000000031,-80.04999999999951,51
15370,39.88999999999983,-80.16999999999928,142
15376,40.10000000000024,-80.4900000000006,271
15377,39.98999999999982,-80.43999999999951,219
15380,39.88999999999983,-80.45999999999938,106
15401,39.879999999999704,-79.72000000000034,72
15410,39.879999999999704,-79.88999999999963,236
15411,39.76000000000018,-79.31000000000047,122
15412,40.079999999999934,-79.84999999999951,14
15413,39.97999999999969,-79.86999999999976,302
15417,40.02000000000031,-79.91999999999928,0
15419,40.059999999999874,-79.88999999999963,109
15423,40.09000000000012,-79.88000000000024,23
15424,39.819999999999816,-79.34999999999951,52
15425,40.02000000000031,-79.58000000000072,252
15427,40.069999999999816,-79.95999999999938,115
15428,40.059999999999874,-79.65999999999987,119
15431,39.96999999999976,-79.63999999999963,33
15432,40.11000000000017,-79.86000000000037,42
15433,39.97999999999969,-79.95999999999938,28
15434,40.069999999999816,-79.86999999999976,146
15436,39.819999999999816,-79.75,361
15437,39.799999999999756,-79.58000000000072,227
15438,40.09000000000012,-79.83000000000072,449
15440,39.72999999999969,-79.56999999999977,194
15442,40.0,-79.84000000000013,122
15444,40.0,-79.88999999999963,170
15445,39.86000000000017,-79.70000000000049,208
15446,40.02000000000031,-79.38999999999963,92
15450,39.96999999999976,-79.93000000000023,45
15451,39.75,-79.86000000000037,435
15456,39.930000000000184,-79.63999999999963,819
15458,39.88999999999983,-79.84999999999951,59
15459,39.75,-79.45999999999938,368
15461,39.829999999999934,-79.88999999999963,38
15462,40.059999999999874,-79.34999999999951,187
15463,39.95999999999964,-79.86999999999976,577
15464,39.95999999999964,-79.45999999999938,113
15468,39.94000000000012,-79.79999999999951,206
15469,40.04000000000036,-79.40999999999987,246
15470,39.870000000000296,-79.47999999999963,66
15472,39.90999999999988,-79.70999999999938,8
15473,40.079999999999934,-79.75,85
15474,39.72999999999969,-79.88999999999963,335
15475,39.95999999999964,-79.90000000000049,404
15477,40.069999999999816,-79.86000000000037,265
15478,39.79000000000036,-79.81000000000049,400
15479,40.13999999999983,-79.72999999999963,308
15480,39.98999999999982,-79.75999999999941,148
15482,40.079999999999934,-79.75,153
15483,40.079999999999934,-79.84999999999951,165
15486,40.02000000000031,-79.68999999999951,5
15488,39.98999999999982,-79.77999999999966,185
15490,40.069999999999816,-79.41999999999928,39
15501,40.02000000000031,-79.08000000000072,135
15521,40.180000000000184,-78.61999999999976,28
15522,39.98999999999982,-78.52000000000037,558
15530,39.90999999999988,-78.95999999999938,21
15531,40.190000000000126,-79.02999999999966,258
15533,39.98999999999982,-78.24000000000058,340
15534,39.920000000000066,-78.68999999999954,357
15535,39.85000000000024,-78.43000000000023,69
15536,39.90999999999988,-78.22000000000033,317
15537,40.0,-78.36999999999976,1012
15538,39.89999999999976,-78.81999999999977,26
15540,39.870000000000296,-79.22999999999963,201
15541,40.01000000000018,-78.90000000000047,716
15542,39.86000000000017,-79.06000000000047,62
15545,39.799999999999756,-78.72999999999963,347
15546,40.13999999999983,-79.04999999999953,0
15550,39.97999999999969,-78.63999999999963,78
15551,39.86000000000017,-79.27999999999966,330
15552,39.79000000000036,-79.02000000000037,20
15554,40.11000000000017,-78.58000000000071,94
15557,39.930000000000184,-79.18000000000023,78
15558,39.75,-79.08000000000072,172
15559,40.04000000000036,-78.63999999999963,199
15562,39.73999999999982,-79.08000000000072,56
15563,40.10000000000024,-78.95000000000047,119
15601,40.29999999999975,-79.54000000000062,23
15610,40.10000000000024,-79.47999999999963,133
15611,40.309999999999874,-79.65000000000049,93
15612,40.120000000000296,-79.54999999999951,122
15613,40.54999999999975,-79.56999999999977,488
15615,40.36000000000018,-79.72999999999963,37
15616,40.22999999999969,-79.54999999999951,112
15617,40.26000000000018,-79.65000000000049,79
15618,40.52000000000031,-79.47999999999963,157
15620,40.29000000000037,-79.29999999999953,374
15622,40.04000000000036,-79.31999999999977,110
15625,40.26000000000018,-79.66999999999928,234
15626,40.40999999999988,-79.56999999999977,177
15627,40.329999999999934,-79.33000000000072,75
15628,40.09000000000012,-79.38000000000024,888
15631,40.09000000000012,-79.58000000000072,1449
15632,40.420000000000066,-79.61000000000037,133
15634,40.29999999999975,-79.59999999999951,122
15636,40.3700000000003,-79.66999999999928,194
15637,40.23999999999982,-79.70999999999938,0
15639,40.20999999999963,-79.58000000000072,34
15641,40.62999999999969,-79.58000000000072,178
15642,40.309999999999874,-79.72000000000034,65
15644,40.319999999999816,-79.61000000000037,7
15646,40.069999999999816,-79.33000000000072,165
15647,40.35000000000024,-79.72999999999963,342
15650,40.29000000000037,-79.40999999999987,189
15655,40.20000000000025,-79.18000000000023,74
15656,40.62999999999969,-79.61999999999976,172
15658,40.23999999999982,-79.22999999999963,207
15661,40.29999999999975,-79.34000000000013,185
15663,40.23999999999982,-79.66999999999928,90
15665,40.329999999999934,-79.66999999999928,133
15666,40.170000000000066,-79.50999999999942,120
15668,40.44000000000013,-79.68000000000023,430
15670,40.38999999999982,-79.38999999999963,43
15671,40.329999999999934,-79.29999999999953,148
15672,40.21999999999976,-79.61000000000037,171
15675,40.329999999999934,-79.63999999999963,116
15677,40.180000000000184,-79.24000000000058,42
15678,40.28000000000024,-79.72000000000034,24
15679,40.14999999999976,-79.61999999999976,6
15681,40.46999999999976,-79.43999999999953,342
15683,40.10000000000024,-79.59000000000013,1009
15684,40.45999999999963,-79.5,34
15686,40.610000000000184,-79.45000000000047,260
15687,40.129999999999704,-79.34000000000013,32
15688,40.15999999999988,-79.56000000000049,174
15690,40.60000000000024,-79.56000000000049,441
15692,40.27000000000031,-79.54000000000062,306
15697,40.22999999999969,-79.58000000000072,1010
15698,40.20999999999963,-79.68000000000023,193
15701,40.610000000000184,-79.15000000000049,366
15711,41.0,-78.95999999999938,689
15713,40.54000000000037,-79.20999999999938,702
15714,40.670000000000066,-78.77000000000037,649
15716,40.45999999999963,-79.18999999999953,95
15717,40.44000000000013,-79.25,300
15720,40.52000000000031,-79.04999999999953,40
15721,40.80999999999987,-78.77999999999966,76
15722,40.579999999999934,-78.70000000000047,285
15724,40.75,-78.84000000000013,32
15725,40.5,-79.36000000000037,229
15728,40.65999999999988,-79.00999999999942,193
15729,40.70000000000025,-78.90999999999987,1052
15730,40.95000000000026,-78.91999999999928,51
15732,40.709999999999624,-79.20000000000047,129
15739,40.70000000000025,-79.09000000000013,81
15742,40.85000000000024,-78.84999999999953,109
15744,40.920000000000066,-79.09000000000013,1028
15747,40.78000000000025,-79.15999999999987,128
15748,40.53000000000024,-79.18000000000023,34
15753,40.829999999999934,-78.61999999999976,543
15754,40.54000000000037,-79.15000000000049,176
15757,40.87999999999969,-78.72000000000034,101
15758,40.87000000000031,-79.04000000000062,235
15759,40.78000000000025,-79.02000000000037,426
15760,40.64999999999976,-78.81000000000047,34
15762,40.60000000000024,-78.81000000000047,70
15763,40.89999999999976,-79.11999999999976,121
15764,40.98999999999981,-79.02999999999966,110
15765,40.62000000000031,-78.97000000000034,397
15767,40.94000000000013,-78.95999999999938,100
15770,40.98999999999981,-79.16999999999928,141
15771,40.80999999999987,-78.99000000000058,1620
15772,40.87999999999969,-78.93999999999953,85
15773,40.610000000000184,-78.72999999999963,41
15774,40.62999999999969,-79.31000000000047,816
15775,40.639999999999816,-78.75999999999942,190
15776,41.01000000000019,-79.06999999999977,98
15777,40.70000000000025,-78.97999999999963,75
15778,40.95999999999962,-79.20000000000047,194
15780,40.920000000000066,-79.08000000000072,235
15784,41.02000000000031,-79.13000000000024,442
15801,41.12000000000031,-78.75,171
15821,41.31999999999981,-78.34999999999953,274
15823,41.28000000000026,-78.70999999999938,245
15824,41.23999999999981,-78.81000000000047,21
15825,41.14999999999976,-79.06000000000047,90
15827,41.28000000000026,-78.5,401
15828,41.31999999999981,-79.13999999999963,20
15829,41.18000000000019,-79.16999999999928,130
15832,41.37000000000031,-78.15999999999987,473
15834,41.51000000000019,-78.25,182
15840,41.139999999999816,-78.81000000000047,83
15845,41.48999999999981,-78.66999999999929,173
15846,41.35000000000024,-78.59999999999953,94
15848,41.04999999999974,-78.74000000000058,71
15849,41.200000000000266,-78.56999999999977,273
15851,41.05999999999987,-78.88999999999963,48
15853,41.43000000000019,-78.72000000000034,133
15856,41.079999999999934,-78.65000000000047,232
15857,41.420000000000066,-78.54999999999953,170
15860,41.299999999999734,-79.04999999999953,189
15861,41.37000000000031,-78.06000000000046,278
15864,41.10000000000024,-79.16999999999928,312
15865,41.04999999999974,-78.81000000000047,87
15868,41.26000000000019,-78.49000000000058,26
15870,41.56999999999981,-78.68000000000023,951
15901,40.319999999999816,-78.90999999999987,673
15902,40.29999999999975,-78.88999999999963,48
15904,40.28000000000024,-78.86000000000037,12
15905,40.29999999999975,-78.93999999999953,461
15906,40.35000000000024,-78.93000000000023,124
15909,40.3799999999997,-78.86000000000037,38
15920,40.44000000000013,-79.00999999999942,391
15923,40.36000000000018,-79.15999999999987,342
15924,40.11000000000017,-78.81000000000047,166
15926,40.09000000000012,-78.84000000000013,66
15927,40.54000000000037,-78.77000000000037,182
15928,40.21999999999976,-78.93000000000023,63
15931,40.47999999999969,-78.72000000000034,37
15935,40.22999999999969,-78.95000000000047,132
15936,40.13999999999983,-78.90999999999987,492
15938,40.420000000000066,-78.61999999999976,399
15940,40.51000000000018,-78.61999999999976,199
15942,40.3700000000003,-78.83000000000072,290
15943,40.46999999999976,-78.83000000000072,277
15944,40.3799999999997,-79.09000000000013,744
15945,40.35000000000024,-78.86000000000037,14
15946,40.3799999999997,-78.66999999999929,404
15949,40.39999999999976,-79.13000000000024,218
15951,40.329999999999934,-78.77999999999966,241
15952,40.29999999999975,-78.74000000000058,1015
15953,40.22999999999969,-78.88999999999963,253
15954,40.39999999999976,-79.02000000000037,167
15955,40.319999999999816,-78.74000000000058,66
15956,40.36000000000018,-78.77999999999966,129
15957,40.55999999999987,-78.90999999999987,65
15958,40.3799999999997,-78.75,546
15960,40.51000000000018,-78.86000000000037,371
15961,40.48999999999982,-78.93999999999953,62
15963,40.21999999999976,-78.83000000000072,41
16001,40.860000000000184,-79.90000000000049,251
16020,41.10000000000024,-79.90000000000049,32
16022,41.04999999999974,-79.72000000000034,191
16023,40.77000000000031,-79.77000000000037,112
16025,40.94000000000013,-79.74000000000059,149
16028,40.96999999999975,-79.63000000000024,34
16030,41.12999999999969,-79.79000000000062,0
16033,40.78000000000025,-80.04999999999951,265
16034,40.85000000000024,-79.72999999999963,43
16036,41.15999999999988,-79.65000000000049,58
16037,40.84000000000012,-80.13000000000025,718
16038,41.15999999999988,-79.97000000000034,598
16040,41.10000000000024,-79.81999999999977,123
16041,41.0,-79.70999999999938,132
16045,40.85000000000024,-79.91999999999928,70
16046,40.70000000000025,-80.02999999999966,186
16049,41.10000000000024,-79.68000000000023,772
16050,41.04000000000038,-79.77000000000037,47
16051,40.94000000000013,-80.16999999999928,264
16052,40.89999999999976,-80.06000000000049,128
16053,40.80999999999987,-79.97000000000034,191
16055,40.709999999999624,-79.74000000000059,339
16056,40.72999999999969,-79.83000000000072,845
16057,41.04000000000038,-80.04000000000062,512
16059,40.70000000000025,-79.91999999999928,450
16061,41.0,-79.86999999999976,323
16063,40.72999999999969,-80.11999999999975,150
16101,40.98999999999981,-80.31999999999977,652
16102,40.95999999999962,-80.38999999999963,200
16105,41.03000000000025,-80.34000000000013,498
16110,41.5,-80.36999999999975,326
16111,41.53000000000026,-80.27999999999966,435
16112,40.96999999999975,-80.4900000000006,443
16114,41.37999999999968,-80.16999999999928,17
16115,40.790000000000376,-80.45000000000049,89
16116,41.02000000000031,-80.45999999999938,264
16117,40.85000000000024,-80.27000000000037,60
16120,40.87000000000031,-80.45999999999938,78
16121,41.20999999999962,-80.4900000000006,676
16123,40.80999999999987,-80.20000000000049,106
16124,41.31999999999981,-80.25999999999941,6
16125,41.38999999999981,-80.38000000000025,67
16127,41.15999999999988,-80.08000000000072,25
16130,41.43000000000019,-80.1500000000005,508
16131,41.549999999999734,-80.38000000000025,129
16133,41.28000000000026,-80.0999999999995,361
16134,41.5,-80.45000000000049,129
16137,41.22999999999969,-80.22999999999963,229
16141,40.85000000000024,-80.38999999999963,54
16142,41.12999999999969,-80.31999999999977,19
16143,41.09000000000012,-80.45999999999938,118
16145,41.329999999999934,-80.04000000000062,42
16146,41.22999999999969,-80.4900000000006,193
16148,41.22999999999969,-80.45000000000049,71
16150,41.26000000000019,-80.45999999999938,177
16153,41.34000000000012,-80.09000000000013,52
16154,41.31999999999981,-80.40999999999987,39
16156,41.09000000000012,-80.24000000000059,228
16157,40.87999999999969,-80.33000000000074,210
16159,41.170000000000066,-80.45000000000049,86
16201,40.80999999999987,-79.50999999999942,51
16210,40.89999999999976,-79.5,121
16212,40.75,-79.56999999999977,795
16213,41.12999999999969,-79.54999999999951,155
16214,41.20999999999962,-79.36999999999976,127
16217,41.329999999999934,-79.18999999999953,58
16218,40.920000000000066,-79.59000000000013,87
16222,40.87000000000031,-79.25999999999942,281
16224,41.04000000000038,-79.27000000000037,220
16225,41.26000000000019,-79.24000000000058,129
16226,40.72999999999969,-79.50999999999942,0
16229,40.70000000000025,-79.65999999999987,89
16232,41.21999999999974,-79.50999999999942,128
16233,41.36000000000019,-79.29999999999953,154
16234,41.12999999999969,-79.29000000000062,313
16235,41.30999999999987,-79.36999999999976,48
16236,40.76000000000018,-79.52999999999966,101
16238,40.78000000000025,-79.52000000000037,124
16239,41.45999999999962,-79.13000000000024,703
16240,40.98999999999981,-79.25999999999942,16
16242,40.98999999999981,-79.34999999999951,40
16248,41.03000000000025,-79.50999999999942,601
16249,40.78000000000025,-79.29000000000062,219
16254,41.23999999999981,-79.43000000000023,176
16255,41.110000000000184,-79.47999999999963,220
16256,40.829999999999934,-79.15999999999987,94
16258,41.19000000000013,-79.29999999999953,111
16259,40.94000000000013,-79.43999999999953,114
16260,41.37000000000031,-79.27000000000037,78
16262,40.829999999999934,-79.63000000000024,66
16301,41.43000000000019,-79.68999999999951,486
16311,41.47999999999969,-80.02000000000037,52
16313,41.72999999999969,-79.16999999999928,198
16314,41.52000000000031,-80.04999999999951,423
16316,41.61000000000019,-80.29999999999951,451
16317,41.48999999999981,-79.86999999999976,271
16319,41.329999999999934,-79.70999999999938,188
16321,41.55999999999987,-79.38000000000024,8
16323,41.39999999999975,-79.83000000000072,246
16326,41.37000000000031,-79.40999999999987,82
16327,41.62999999999968,-79.97000000000034,38
16329,41.84000000000012,-79.27999999999966,472
16331,41.29000000000038,-79.58000000000072,150
16332,41.37000000000031,-79.36999999999976,100
16333,41.71999999999974,-78.91999999999928,358
16334,41.31999999999981,-79.43999999999953,53
16335,41.62999999999968,-80.13999999999963,17
16340,41.829999999999934,-79.40999999999987,45
16341,41.579999999999934,-79.56000000000049,164
16342,41.35000000000024,-79.93000000000023,705
16345,41.94000000000014,-79.11999999999976,301
16346,41.37000000000031,-79.66999999999928,36
16347,41.700000000000266,-79.02999999999966,110
16350,41.94000000000014,-79.31000000000047,325
16351,41.700000000000266,-79.36999999999976,48
16353,41.51000000000019,-79.36000000000037,42
16354,41.62999999999968,-79.68000000000023,71
16360,41.68000000000019,-79.86999999999976,61
16362,41.46999999999974,-79.93999999999951,145
16364,41.37000000000031,-79.5,135
16365,41.84000000000012,-79.13999999999963,124
16371,41.85000000000025,-79.31000000000047,129
16372,41.200000000000266,-79.86999999999976,93
16373,41.200000000000266,-79.74000000000059,53
16374,41.28000000000026,-79.72999999999963,138
16401,41.879999999999676,-80.36999999999975,73
16402,41.969999999999736,-79.45999999999938,81
16403,41.79000000000038,-80.02000000000037,206
16404,41.71999999999974,-79.79000000000062,81
16405,41.93000000000019,-79.56999999999977,86
16406,41.73999999999981,-80.34000000000013,251
16407,41.920000000000066,-79.65000000000049,509
16410,41.90999999999988,-80.29999999999951,57
16411,41.969999999999736,-80.43000000000023,186
16412,41.870000000000324,-80.13000000000025,644
16415,42.04000000000039,-80.22999999999963,229
16417,41.979999999999684,-80.31000000000049,453
16420,41.77000000000031,-79.54000000000062,53
16421,42.170000000000066,-79.93999999999951,49
16423,42.020000000000316,-80.33000000000074,173
16424,41.65999999999988,-80.41999999999926,115
16426,41.98999999999981,-80.13999999999963,138
16428,42.20000000000027,-79.83000000000072,120
16433,41.71999999999974,-80.13999999999963,117
16434,41.79000000000038,-79.68000000000023,82
16435,41.80999999999986,-80.36999999999975,90
16436,41.84000000000012,-79.56000000000049,142
16438,41.88999999999981,-79.84000000000013,289
16440,41.79000000000038,-80.11999999999975,149
16441,41.95999999999961,-79.99000000000059,480
16442,42.030000000000264,-79.83000000000072,23
16443,41.94000000000014,-80.45999999999938,167
16501,42.120000000000324,-80.08000000000072,114
16502,42.1100000000002,-80.09000000000013,312
16503,42.120000000000324,-80.06000000000049,84
16504,42.1100000000002,-80.04999999999951,527
16505,42.09000000000012,-80.15999999999987,66
16506,42.06999999999981,-80.13999999999963,109
16507,42.129999999999676,-80.08000000000072,1335
16508,42.09000000000012,-80.09000000000013,387
16509,42.06999999999981,-80.06000000000049,0
16510,42.120000000000324,-80.0,74
16511,42.14999999999975,-80.00999999999941,16
16565,42.05999999999985,-80.0999999999995,103
16601,40.52000000000031,-78.40000000000047,38
16602,40.5,-78.38999999999963,133
16611,40.54000000000037,-78.09999999999953,81
16613,40.54999999999975,-78.52999999999966,266
16616,40.75,-78.5,26
16617,40.60000000000024,-78.33000000000071,13
16620,40.829999999999934,-78.34999999999953,258
16621,40.20000000000025,-78.13999999999963,55
16622,40.29000000000037,-78.02000000000037,68
16623,40.29000000000037,-78.02000000000037,234
16625,40.319999999999816,-78.47000000000034,138
16627,40.75,-78.52999999999966,448
16630,40.45999999999963,-78.58000000000071,472
16634,40.20999999999963,-78.18000000000023,21
16635,40.420000000000066,-78.43000000000023,47
16636,40.60000000000024,-78.52000000000037,1896
16637,40.319999999999816,-78.43999999999954,68
16639,40.670000000000066,-78.45999999999938,379
16640,40.70000000000025,-78.47999999999963,80
16641,40.47999999999969,-78.54999999999953,318
16645,40.790000000000376,-78.49000000000058,36
16646,40.65999999999988,-78.70000000000047,167
16647,40.40999999999988,-78.11999999999976,277
16648,40.430000000000184,-78.36000000000037,193
16650,40.11000000000017,-78.31000000000046,363
16651,40.829999999999934,-78.36000000000037,1324
16652,40.5,-78.0,109
16655,40.22999999999969,-78.50999999999942,46
16656,40.79999999999974,-78.56000000000046,69
16657,40.35000000000024,-78.18000000000023,247
16659,40.170000000000066,-78.38000000000024,386
16661,40.81999999999981,-78.41999999999929,23
16662,40.29000000000037,-78.31999999999977,87
16664,40.20000000000025,-78.41999999999929,236
16666,40.87000000000031,-78.27000000000037,235
16667,40.14999999999976,-78.5,27
16668,40.62000000000031,-78.63000000000024,48
16669,40.60000000000024,-77.99000000000058,102
16671,40.79999999999974,-78.38999999999963,799
16673,40.319999999999816,-78.38999999999963,57
16674,40.170000000000066,-78.11000000000037,904
16678,40.21999999999976,-78.24000000000058,70
16679,40.14999999999976,-78.20999999999938,659
16680,40.76000000000018,-78.38999999999963,111
16683,40.62000000000031,-78.13000000000024,274
16685,40.25,-78.09999999999953,136
16686,40.65999999999988,-78.24000000000058,74
16689,40.069999999999816,-78.04000000000062,322
16691,40.10000000000024,-78.13999999999963,86
16692,40.76000000000018,-78.72999999999963,320
16693,40.430000000000184,-78.22000000000033,296
16695,40.20999999999963,-78.36000000000037,136
16701,41.950000000000266,-78.65000000000047,157
16720,41.62000000000032,-78.09000000000013,528
16724,41.70999999999962,-78.36999999999976,35
16726,41.81999999999981,-78.56000000000046,213
16727,41.969999999999736,-78.56000000000046,412
16729,41.950000000000266,-78.49000000000058,277
16731,41.94000000000014,-78.38000000000024,442
16732,41.86000000000019,-78.58000000000071,29
16734,41.59000000000012,-78.84999999999953,84
16735,41.65999999999988,-78.79000000000062,87
16738,41.81999999999981,-78.68000000000023,67
16740,41.71999999999974,-78.63999999999963,210
16743,41.80999999999986,-78.27000000000037,0
16744,41.90999999999988,-78.52999999999966,53
16745,41.93000000000019,-78.45000000000047,218
16746,41.77000000000031,-78.15000000000047,210
16748,41.950000000000266,-78.18999999999954,102
16749,41.799999999999734,-78.47000000000034,70
16750,41.879999999999676,-78.33000000000071,62
16801,40.790000000000376,-77.84999999999953,212
16803,40.79999999999974,-77.88999999999963,286
16820,40.87000000000031,-77.38000000000022,125
16821,40.96999999999975,-78.20999999999938,15
16822,41.079999999999934,-77.5800000000007,69
16823,40.89999999999976,-77.75999999999942,118
16827,40.77000000000031,-77.77999999999967,200
16828,40.81999999999981,-77.6699999999993,193
16829,41.04999999999974,-77.93000000000023,40
16830,41.02000000000031,-78.43999999999954,109
16832,40.860000000000184,-77.49000000000056,49
16833,40.95999999999962,-78.52000000000037,79
16836,41.10000000000024,-78.22999999999963,168
16837,40.93000000000019,-78.47000000000034,31
16838,40.97999999999969,-78.59000000000013,700
16839,40.98999999999981,-78.11999999999976,432
16840,40.94000000000013,-78.20999999999938,66
16841,41.02000000000031,-77.6699999999993,10
16844,40.889999999999816,-77.93000000000023,20
16845,41.110000000000184,-78.08000000000071,0
16852,40.93000000000019,-77.49000000000056,126
16854,40.889999999999816,-77.45000000000047,129
16858,41.0,-78.22999999999963,77
16859,41.03000000000025,-78.0,249
16860,40.95999999999962,-78.18000000000023,69
16861,40.87999999999969,-78.49000000000058,103
16863,40.89999999999976,-78.5,1148
16864,41.06999999999981,-77.61999999999978,179
16865,40.71999999999976,-77.95000000000047,433
16866,40.87999999999969,-78.20999999999938,386
16870,40.79999999999974,-78.06999999999977,68
16871,41.18000000000019,-78.02999999999967,465
16872,40.95000000000026,-77.40000000000047,96
16874,41.03000000000025,-77.95000000000047,426
16875,40.85000000000024,-77.56999999999977,116
16877,40.73999999999982,-78.06999999999977,49
16878,40.94000000000013,-78.31000000000046,94
16879,40.95999999999962,-78.15000000000047,154
16881,41.0,-78.31999999999977,154
16882,40.90999999999988,-77.34000000000013,88
16901,41.72999999999969,-77.29999999999953,162
16912,41.65999999999988,-77.06999999999977,93
16914,41.84000000000012,-76.7900000000006,266
16915,41.78000000000026,-78.0,230
16917,41.72999999999969,-77.09999999999954,546
16920,41.979999999999684,-77.31000000000046,80
16921,41.73999999999981,-77.56000000000046,61
16922,41.71999999999974,-77.65000000000047,40
16923,41.93000000000019,-77.86999999999976,67
16925,41.950000000000266,-76.77000000000037,82
16926,41.69000000000014,-76.72000000000031,75
16927,41.94000000000014,-77.68000000000023,160
16928,41.950000000000266,-77.43000000000023,269
16929,41.969999999999736,-77.11000000000037,234
16930,41.55999999999987,-77.11000000000037,180
16932,41.79000000000038,-76.9599999999994,191
16933,41.80999999999986,-77.06999999999977,29
16935,41.88999999999981,-77.31000000000046,201
16936,41.95999999999961,-76.97000000000031,258
16937,41.89999999999975,-77.75999999999942,189
16938,41.54000000000038,-77.29000000000062,124
16939,41.670000000000066,-77.02000000000037,460
16940,41.969999999999736,-77.24000000000056,98
16941,41.979999999999684,-77.77000000000037,36
16942,41.979999999999684,-77.34999999999953,156
16943,41.85000000000025,-77.52999999999967,769
16946,41.90999999999988,-77.13000000000022,79
16947,41.77000000000031,-76.77000000000037,56
16948,41.84000000000012,-77.70999999999938,92
16950,41.90999999999988,-77.52999999999967,204
17002,40.52000000000031,-77.81999999999977,181
17003,40.34000000000012,-76.5400000000006,192
17004,40.60000000000024,-77.72999999999963,429
17005,40.60000000000024,-76.81000000000044,25
17006,40.319999999999816,-77.50999999999944,49
17007,40.13999999999983,-77.11000000000037,580
17009,40.62999999999969,-77.56000000000046,123
17011,40.22999999999969,-76.9199999999993,224
17013,40.20000000000025,-77.18999999999954,59
17014,40.64999999999976,-77.09999999999954,170
17017,40.639999999999816,-76.86999999999979,788
17018,40.3799999999997,-76.9199999999993,33
17019,40.09000000000012,-77.02999999999969,180
17020,40.39999999999976,-77.0400000000006,173
17021,40.35000000000024,-77.65000000000047,67
17022,40.14999999999976,-76.59999999999954,634
17023,40.54999999999975,-76.8300000000007,135
17024,40.36000000000018,-77.27000000000037,333
17025,40.29000000000037,-76.93999999999954,208
17026,40.45000000000025,-76.41999999999932,57
17028,40.36000000000018,-76.6699999999993,83
17029,40.54000000000037,-77.61000000000037,240
17030,40.610000000000184,-76.7099999999994,44
17031,40.3700000000003,-77.31999999999977,7
17032,40.46999999999976,-76.88999999999963,215
17033,40.26000000000018,-76.65000000000046,126
17034,40.20000000000025,-76.77999999999969,139
17035,40.430000000000184,-77.56999999999977,19
17036,40.27000000000031,-76.70000000000047,313
17037,40.430000000000184,-77.34000000000013,17
17038,40.430000000000184,-76.5,71
17040,40.329999999999934,-77.31000000000046,211
17042,40.329999999999934,-76.41999999999932,104
17043,40.23999999999982,-76.88999999999963,21
17044,40.59000000000012,-77.56999999999977,213
17045,40.56999999999981,-77.0,509
17047,40.36000000000018,-77.40999999999987,93
17048,40.59000000000012,-76.70000000000047,598
17049,40.639999999999816,-77.25999999999944,88
17051,40.5,-77.70999999999938,384
17052,40.3799999999997,-77.95999999999938,340
17053,40.329999999999934,-76.97000000000031,92
17055,40.20999999999963,-76.99000000000056,112
17057,40.20000000000025,-76.72999999999963,137
17058,40.56999999999981,-77.40999999999987,696
17059,40.56999999999981,-77.36999999999978,650
17060,40.44000000000013,-77.90999999999987,234
17061,40.54999999999975,-76.93000000000023,316
17062,40.54999999999975,-77.11999999999978,48
17063,40.71999999999976,-77.54999999999953,193
17065,40.11000000000017,-77.18999999999954,280
17066,40.38999999999982,-77.86000000000037,269
17067,40.3700000000003,-76.31000000000044,127
17068,40.40999999999988,-77.18999999999954,22
17070,40.20999999999963,-76.86000000000037,926
17071,40.29999999999975,-77.56999999999977,425
17073,40.309999999999874,-76.24000000000055,239
17074,40.47999999999969,-77.15999999999987,39
17076,40.610000000000184,-77.31000000000046,119
17078,40.29999999999975,-76.5800000000007,146
17082,40.51000000000018,-77.43000000000023,162
17084,40.670000000000066,-77.61000000000037,666
17086,40.68000000000019,-77.11999999999978,450
17087,40.3799999999997,-76.25999999999945,51
17090,40.319999999999816,-77.18000000000023,182
17094,40.59000000000012,-77.20000000000047,383
17097,40.55999999999987,-76.70000000000047,191
17098,40.579999999999934,-76.61999999999979,44
17099,40.639999999999816,-77.56000000000046,71
17101,40.26000000000018,-76.88000000000021,440
17102,40.27000000000031,-76.88999999999963,72
17103,40.27000000000031,-76.86000000000037,185
17104,40.25,-76.84999999999954,83
17109,40.29000000000037,-76.81999999999977,97
17110,40.29999999999975,-76.88000000000021,71
17111,40.26000000000018,-76.7900000000006,217
17112,40.329999999999934,-76.7900000000006,103
17113,40.22999999999969,-76.81999999999977,9
17201,39.930000000000184,-77.65000000000047,36
17211,39.75,-78.40000000000047,66
17212,39.879999999999704,-78.00999999999942,148
17213,40.25,-77.75999999999942,124
17214,39.719999999999764,-77.45999999999938,48
17215,40.069999999999816,-77.90000000000047,121
17217,40.23999999999982,-77.70000000000047,172
17219,40.20999999999963,-77.68000000000023,24
17220,40.170000000000066,-77.75999999999942,727
17221,40.069999999999816,-77.81999999999977,115
17222,39.89999999999976,-77.52999999999967,98
17223,40.04999999999975,-77.97000000000033,242
17224,39.950000000000244,-77.88999999999963,837
17225,39.78000000000024,-77.74000000000058,86
17228,39.96999999999976,-78.08000000000071,28
17229,40.04000000000036,-78.00999999999942,234
17232,40.120000000000296,-77.63000000000022,183
17233,39.94000000000012,-77.99000000000058,79
17236,39.80999999999988,-77.90000000000047,75
17237,39.84000000000012,-77.54999999999953,31
17238,39.870000000000296,-78.13999999999963,497
17239,40.129999999999704,-77.84999999999953,188
17240,40.129999999999704,-77.56000000000046,65
17241,40.180000000000184,-77.40999999999987,107
17243,40.22999999999969,-77.90000000000047,26
17244,40.069999999999816,-77.63000000000022,33
17246,40.04000000000036,-77.70000000000047,20
17252,39.920000000000066,-77.79000000000062,245
17255,40.170000000000066,-77.86000000000037,796
17257,40.04999999999975,-77.50999999999944,86
17260,40.309999999999874,-77.86999999999976,342
17262,40.13999999999983,-77.74000000000058,253
17264,40.180000000000184,-77.99000000000058,117
17265,40.04999999999975,-77.72999999999963,240
17266,40.079999999999934,-77.40000000000047,169
17267,39.76000000000018,-78.18999999999954,293
17268,39.76000000000018,-77.56000000000046,30
17271,40.11000000000017,-77.79000000000062,254
17301,39.879999999999704,-76.99000000000056,50
17302,39.819999999999816,-76.40000000000045,102
17304,39.96999999999976,-77.22000000000031,86
17307,39.920000000000066,-77.27999999999969,11
17309,39.879999999999704,-76.47999999999963,415
17313,39.89999999999976,-76.63999999999963,281
17314,39.75,-76.34000000000013,105
17315,40.0,-76.84999999999954,53
17316,39.95999999999964,-77.0,59
17319,40.14999999999976,-76.79999999999953,63
17320,39.76000000000018,-77.36999999999978,70
17321,39.75,-76.43000000000023,58
17322,39.829999999999934,-76.59000000000013,177
17324,40.04000000000036,-77.18000000000023,170
17325,39.829999999999934,-77.22000000000031,102
17327,39.78000000000024,-76.74000000000055,57
17329,39.75,-76.86000000000037,130
17331,39.79000000000036,-76.97999999999963,35
17339,40.13999999999983,-76.86999999999979,244
17340,39.73999999999982,-77.09999999999954,17
17344,39.799999999999756,-77.00999999999944,68
17345,40.059999999999874,-76.72999999999963,731
17347,40.069999999999816,-76.68999999999956,109
17349,39.73999999999982,-76.68000000000023,788
17350,39.870000000000296,-77.06000000000046,222
17352,39.76000000000018,-76.5,316
17353,39.879999999999704,-77.38000000000022,14
17356,39.89999999999976,-76.59999999999954,18
17360,39.85000000000024,-76.72999999999963,147
17361,39.76000000000018,-76.6699999999993,110
17362,39.85000000000024,-76.86999999999979,314
17363,39.77000000000031,-76.59000000000013,62
17364,39.930000000000184,-76.88000000000021,230
17365,40.04999999999975,-76.93999999999954,120
17366,39.920000000000066,-76.54999999999953,89
17368,39.98999999999982,-76.52000000000037,94
17370,40.120000000000296,-76.77000000000037,149
17372,40.0,-77.09999999999954,61
17401,39.95999999999964,-76.72000000000031,41
17402,39.96999999999976,-76.6699999999993,113
17403,39.94000000000012,-76.7099999999994,455
17404,39.95999999999964,-76.75999999999945,0
17406,39.98999999999982,-76.59000000000013,271
17407,39.879999999999704,-76.7099999999994,60
17501,40.14999999999976,-76.20000000000047,10
17502,40.10000000000024,-76.6699999999993,1292
17505,40.04999999999975,-76.18000000000023,18
17509,39.930000000000184,-76.02000000000037,64
17512,40.03000000000024,-76.47999999999963,471
17516,39.94000000000012,-76.34999999999955,178
17517,40.21999999999976,-76.11000000000037,258
17518,39.829999999999934,-76.24000000000055,133
17519,40.129999999999704,-76.02000000000037,567
17520,40.10000000000024,-76.34999999999955,155
17522,40.170000000000066,-76.18000000000023,336
17527,40.0,-75.99000000000055,64
17529,40.03000000000024,-76.11000000000037,253
17532,39.86000000000017,-76.29999999999953,305
17535,40.0,-76.0400000000006,418
17536,39.819999999999816,-76.09000000000013,69
17538,40.079999999999934,-76.40999999999987,312
17540,40.09000000000012,-76.18999999999956,181
17543,40.15999999999988,-76.2900000000006,114
17545,40.170000000000066,-76.40999999999987,181
17547,40.059999999999874,-76.56000000000044,83
17551,39.98999999999982,-76.34999999999955,93
17552,40.10000000000024,-76.5,76
17554,40.04000000000036,-76.41999999999932,93
17555,40.120000000000296,-75.97000000000031,117
17557,40.10000000000024,-76.08000000000068,680
17560,39.89999999999976,-76.22000000000031,606
17562,39.97999999999969,-76.09999999999955,75
17563,39.77000000000031,-76.16999999999932,196
17565,39.89999999999976,-76.31999999999977,132
17566,39.88999999999983,-76.13999999999963,91
17569,40.26000000000018,-76.09999999999955,0
17572,40.02000000000031,-76.15999999999987,44
17576,40.04000000000036,-76.22000000000031,101
17578,40.20999999999963,-76.15999999999987,15
17579,39.96999999999976,-76.18000000000023,552
17581,40.14999999999976,-76.04999999999953,329
17582,39.97999999999969,-76.43999999999956,327
17584,39.95999999999964,-76.27000000000037,1210
17601,40.069999999999816,-76.31000000000044,253
17602,40.03000000000024,-76.27999999999969,268
17603,40.03000000000024,-76.33000000000068,323
17701,41.23999999999981,-77.02000000000037,187
17723,41.37999999999968,-77.45999999999938,89
17724,41.64999999999975,-76.84999999999954,7
17727,41.48999999999981,-77.47999999999963,94
17728,41.30999999999987,-77.06000000000046,144
17729,41.46999999999974,-77.79999999999953,265
17737,41.25,-76.7099999999994,34
17740,41.200000000000266,-77.24000000000056,85
17742,41.22999999999969,-76.5800000000007,168
17744,41.23999999999981,-77.15000000000046,53
17745,41.139999999999816,-77.43999999999954,265
17747,41.02000000000031,-77.31999999999977,112
17751,41.079999999999934,-77.47999999999963,251
17752,41.170000000000066,-76.88000000000021,196
17754,41.26000000000019,-76.90000000000046,53
17756,41.20999999999962,-76.75999999999945,233
17758,41.37999999999968,-76.5400000000006,42
17763,41.5,-76.95000000000047,420
17764,41.329999999999934,-77.74000000000058,118
17765,41.55999999999987,-76.93999999999954,214
17768,41.549999999999734,-76.74000000000055,147
17771,41.40999999999988,-77.0,730
17772,41.110000000000184,-76.74000000000055,837
17774,41.23999999999981,-76.50999999999945,127
17776,41.30999999999987,-77.36000000000037,84
17777,41.10000000000024,-76.84999999999954,129
17778,41.27000000000031,-77.93000000000023,247
17779,41.18000000000019,-77.3300000000007,0
17801,40.85000000000024,-76.77000000000037,205
17810,41.12000000000031,-76.97000000000031,28
17812,40.75,-77.22999999999963,79
17813,40.77000000000031,-77.15999999999987,0
17814,41.21999999999974,-76.34000000000013,43
17815,41.01000000000019,-76.43000000000023,146
17820,40.90999999999988,-76.43999999999956,216
17821,40.96999999999975,-76.61999999999979,131
17823,40.75,-76.75999999999945,46
17824,40.860000000000184,-76.54999999999953,1192
17827,40.76000000000018,-76.93999999999954,259
17828,40.75,-76.52000000000037,373
17830,40.69000000000013,-76.79999999999953,257
17832,40.79999999999974,-76.4599999999994,147
17834,40.790000000000376,-76.47000000000031,428
17835,40.90999999999988,-77.20000000000047,55
17836,40.709999999999624,-76.61999999999979,127
17837,40.96999999999975,-76.90000000000046,23
17841,40.69000000000013,-77.36999999999978,107
17842,40.790000000000376,-77.0400000000006,130
17843,40.80999999999987,-76.97000000000031,122
17844,40.920000000000066,-77.04999999999953,223
17845,40.87999999999969,-77.18999999999954,169
17846,41.12000000000031,-76.52000000000037,70
17847,41.01000000000019,-76.8300000000007,132
17850,40.96999999999975,-76.84999999999954,89
17851,40.790000000000376,-76.40999999999987,236
17853,40.70000000000025,-77.0,1846
17855,40.87999999999969,-76.97999999999963,503
17856,41.04999999999974,-76.90000000000046,447
17857,40.89999999999976,-76.7900000000006,192
17859,41.10000000000024,-76.38000000000021,108
17860,40.84000000000012,-76.63000000000021,812
17864,40.69000000000013,-76.90000000000046,77
17866,40.79999999999974,-76.49000000000055,14
17867,40.709999999999624,-76.74000000000055,224
17868,40.95000000000026,-76.63000000000021,123
17870,40.81999999999981,-76.86000000000037,30
17872,40.790000000000376,-76.56000000000044,560
17877,40.87000000000031,-76.6699999999993,49
17878,41.14999999999976,-76.36000000000037,160
17881,40.78000000000025,-76.6699999999993,81
17888,40.80999999999987,-76.38999999999963,200
17889,40.889999999999816,-76.86999999999979,770
17901,40.68000000000019,-76.2099999999994,213
17921,40.77000000000031,-76.34000000000013,59
17922,40.59000000000012,-76.13000000000021,128
17923,40.65999999999988,-76.33000000000068,133
17925,40.76000000000018,-76.0400000000006,190
17927,40.80999999999987,-76.34999999999955,181
17929,40.62000000000031,-76.18999999999956,93
17931,40.78000000000025,-76.22999999999963,148
17935,40.790000000000376,-76.27999999999969,90
17938,40.65999999999988,-76.47000000000031,671
17941,40.65999999999988,-76.65000000000046,271
17948,40.80999999999987,-76.13000000000021,342
17954,40.69000000000013,-76.25999999999945,110
17957,40.610000000000184,-76.4599999999994,128
17959,40.71999999999976,-76.11000000000037,66
17960,40.709999999999624,-75.93999999999956,80
17961,40.639999999999816,-76.08000000000068,47
17963,40.55999999999987,-76.31999999999977,95
17964,40.70000000000025,-76.52000000000037,128
17965,40.69000000000013,-76.15999999999987,111
17967,40.85000000000024,-76.22999999999963,368
17968,40.62999999999969,-76.61000000000037,221
17970,40.709999999999624,-76.18999999999956,88
17972,40.62999999999969,-76.15999999999987,95
17976,40.80999999999987,-76.20000000000047,218
17978,40.62999999999969,-76.63000000000021,14
17980,40.579999999999934,-76.54999999999953,7
17981,40.62000000000031,-76.38999999999963,219
17983,40.639999999999816,-76.5400000000006,164
17985,40.93000000000019,-76.22999999999963,96
18011,40.47999999999969,-75.6199999999998,71
18013,40.85000000000024,-75.18999999999957,0
18014,40.75,-75.40000000000043,163
18015,40.60000000000024,-75.3800000000002,17
18017,40.64999999999976,-75.34999999999957,178
18018,40.62000000000031,-75.38999999999963,346
18031,40.54999999999975,-75.65000000000043,203
18032,40.64999999999976,-75.4599999999994,51
18034,40.53000000000024,-75.41999999999933,208
18035,40.72999999999969,-75.54999999999953,340
18036,40.5,-75.3800000000002,255
18037,40.68000000000019,-75.50999999999945,333
18038,40.78000000000025,-75.50999999999945,49
18041,40.40999999999988,-75.5,126
18042,40.68000000000019,-75.22999999999963,126
18049,40.52000000000031,-75.5,420
18051,40.59000000000012,-75.65000000000043,104
18052,40.639999999999816,-75.49000000000053,569
18053,40.709999999999624,-75.7099999999994,41
18054,40.35000000000024,-75.43000000000023,131
18055,40.579999999999934,-75.31999999999977,262
18056,40.44000000000013,-75.56999999999977,86
18058,40.889999999999816,-75.4700000000003,143
18062,40.52000000000031,-75.56000000000043,121
18064,40.73999999999982,-75.31000000000043,58
18066,40.64999999999976,-75.74000000000055,121
18067,40.69000000000013,-75.47999999999963,297
18069,40.62000000000031,-75.59000000000013,22
18070,40.430000000000184,-75.52999999999969,145
18071,40.80999999999987,-75.59999999999957,232
18072,40.85000000000024,-75.27000000000037,319
18073,40.38999999999982,-75.47999999999963,19
18074,40.309999999999874,-75.5,716
18076,40.3700000000003,-75.47999999999963,169
18077,40.56999999999981,-75.2099999999994,341
18078,40.68000000000019,-75.6199999999998,131
18080,40.73999999999982,-75.6199999999998,201
18087,40.54999999999975,-75.59999999999957,465
18088,40.76000000000018,-75.56000000000043,64
18091,40.80999999999987,-75.31999999999977,80
18092,40.46999999999976,-75.52000000000037,85
18101,40.60000000000024,-75.4700000000003,63
18102,40.60000000000024,-75.4700000000003,78
18103,40.579999999999934,-75.4599999999994,0
18104,40.60000000000024,-75.52000000000037,155
18106,40.55999999999987,-75.56000000000043,141
18201,40.95999999999962,-75.97000000000031,113
18210,40.96999999999975,-75.58000000000067,391
18211,40.73999999999982,-75.83000000000067,188
18214,40.80999999999987,-76.06000000000044,657
18216,40.920000000000066,-75.93999999999956,83
18218,40.81999999999981,-75.90999999999987,504
18220,40.84000000000012,-76.06000000000044,32
18222,41.02000000000031,-75.97000000000031,52
18224,41.01000000000019,-75.88000000000021,187
18229,40.87000000000031,-75.72999999999963,1197
18232,40.829999999999934,-75.88000000000021,47
18235,40.829999999999934,-75.70000000000047,322
18237,40.889999999999816,-75.99000000000055,194
18240,40.860000000000184,-75.81999999999977,118
18245,40.84000000000012,-75.97999999999963,13
18246,40.95999999999962,-76.15999999999987,86
18248,40.87999999999969,-76.13000000000021,28
18249,40.98999999999981,-76.06999999999977,58
18250,40.81999999999981,-75.86000000000037,74
18252,40.790000000000376,-75.97000000000031,142
18255,40.94000000000013,-75.83000000000067,57
18301,41.03000000000025,-75.16999999999933,419
18321,41.0,-75.2900000000006,115
18322,40.93000000000019,-75.40999999999987,349
18324,41.12000000000031,-75.00999999999947,62
18325,41.22999999999969,-75.25,188
18326,41.15999999999988,-75.25999999999947,184
18327,40.97999999999969,-75.13999999999963,41
18328,41.22999999999969,-74.93000000000023,24
18330,40.95999999999962,-75.45000000000047,0
18331,40.89999999999976,-75.43000000000023,270
18332,41.079999999999934,-75.27000000000037,157
18333,40.889999999999816,-75.5,23
18334,41.05999999999987,-75.43999999999957,34
18336,41.36000000000019,-74.7099999999994,684
18337,41.31999999999981,-74.8800000000002,173
18340,41.35000000000024,-74.77000000000037,309
18343,40.89999999999976,-75.11000000000037,190
18344,41.12000000000031,-75.34999999999957,145
18346,41.10000000000024,-75.40999999999987,163
18347,41.110000000000184,-75.54999999999953,88
18350,41.10000000000024,-75.4700000000003,136
18352,40.97999999999969,-75.27000000000037,38
18353,40.90999999999988,-75.3699999999998,60
18354,40.920000000000066,-75.2900000000006,510
18355,41.06999999999981,-75.31999999999977,185
18360,40.97999999999969,-75.24000000000053,11
18370,41.079999999999934,-75.34000000000013,143
18371,41.15999999999988,-74.95000000000047,175
18372,41.04000000000038,-75.29999999999953,47
18401,41.63999999999981,-75.36000000000037,27
18403,41.48999999999981,-75.54999999999953,1009
18405,41.60000000000025,-75.11000000000037,17
18407,41.579999999999934,-75.5,62
18411,41.47999999999969,-75.70000000000047,297
18414,41.53000000000026,-75.70000000000047,51
18415,41.72999999999969,-75.1300000000002,710
18417,41.80999999999986,-75.18000000000023,76
18419,41.56999999999981,-75.75999999999945,18
18421,41.64999999999975,-75.47999999999963,294
18424,41.23999999999981,-75.5,164
18425,41.43000000000019,-75.00999999999947,127
18426,41.329999999999934,-75.2799999999997,130
18427,41.39999999999975,-75.34999999999957,319
18428,41.46999999999974,-75.18999999999957,364
18430,41.76000000000019,-75.5,48
18431,41.56999999999981,-75.25,237
18433,41.53000000000026,-75.5400000000006,56
18434,41.46999999999974,-75.56000000000043,80
18435,41.5,-75.06999999999977,214
18436,41.43000000000019,-75.43000000000023,99
18437,41.86000000000019,-75.31999999999977,180
18438,41.420000000000066,-75.25999999999947,254
18439,41.80999999999986,-75.3800000000002,111
18441,41.65999999999988,-75.6300000000002,181
18443,41.63999999999981,-75.08000000000067,103
18444,41.34000000000012,-75.52999999999969,648
18445,41.299999999999734,-75.33000000000067,56
18446,41.63999999999981,-75.75999999999945,322
18447,41.45999999999962,-75.59999999999957,44
18451,41.37999999999968,-75.22999999999963,351
18452,41.47999999999969,-75.58000000000067,68
18453,41.72999999999969,-75.38999999999963,661
18455,41.86000000000019,-75.3800000000002,146
18456,41.579999999999934,-75.31999999999977,130
18458,41.40999999999988,-74.90999999999987,154
18460,41.27000000000031,-75.3800000000002,58
18461,41.920000000000066,-75.31999999999977,217
18462,41.88999999999981,-75.43999999999957,37
18463,41.34000000000012,-75.38999999999963,300
18464,41.36000000000019,-75.09999999999957,92
18465,41.829999999999934,-75.52999999999969,45
18466,41.18000000000019,-75.38999999999963,431
18469,41.670000000000066,-75.15000000000043,43
18470,41.700000000000266,-75.5400000000006,180
18472,41.56999999999981,-75.40000000000043,165
18503,41.39999999999975,-75.65999999999987,559
18504,41.40999999999988,-75.68000000000023,634
18505,41.38999999999981,-75.65999999999987,89
18507,41.36000000000019,-75.7099999999994,65
18508,41.43000000000019,-75.65999999999987,66
18509,41.420000000000066,-75.63999999999963,388
18510,41.39999999999975,-75.63999999999963,8
18512,41.420000000000066,-75.6199999999998,734
18517,41.38999999999981,-75.7099999999994,142
18518,41.37000000000031,-75.72999999999963,534
18519,41.45999999999962,-75.6199999999998,40
18603,41.05999999999987,-76.24000000000055,128
18610,41.04000000000038,-75.52999999999969,42
18612,41.36000000000019,-75.95000000000047,49
18614,41.52000000000031,-76.40000000000045,54
18615,41.45999999999962,-75.84999999999957,802
18616,41.52000000000031,-76.59999999999954,178
18617,41.170000000000066,-76.06999999999977,311
18618,41.35000000000024,-76.0400000000006,6
18619,41.44000000000013,-76.68999999999956,632
18621,41.23999999999981,-76.08000000000068,73
18622,41.200000000000266,-76.18999999999956,0
18623,41.65999999999988,-76.13999999999963,793
18624,41.04999999999974,-75.6300000000002,132
18628,41.40999999999988,-76.29999999999953,94
18629,41.549999999999734,-76.09999999999955,715
18630,41.62999999999968,-76.00999999999945,28
18631,41.02000000000031,-76.2900000000006,35
18632,41.46999999999974,-76.38000000000021,99
18634,41.19000000000013,-76.0,34
18635,41.04000000000038,-76.18999999999956,33
18636,41.40999999999988,-76.0400000000006,37
18640,41.30999999999987,-75.77999999999969,397
18641,41.329999999999934,-75.74000000000055,143
18642,41.34000000000012,-75.75999999999945,346
18643,41.329999999999934,-75.81000000000043,43
18644,41.30999999999987,-75.84999999999957,26
18651,41.23999999999981,-75.93999999999956,82
18655,41.170000000000066,-76.15999999999987,315
18656,41.299999999999734,-76.13000000000021,19
18657,41.549999999999734,-75.93999999999956,31
18660,41.05999999999987,-76.08000000000068,143
18661,41.06999999999981,-75.77000000000037,155
18701,41.23999999999981,-75.88000000000021,39
18702,41.22999999999969,-75.88000000000021,130
18704,41.27000000000031,-75.88999999999963,204
18705,41.26000000000019,-75.84000000000013,108
18706,41.200000000000266,-75.90999999999987,276
18707,41.12999999999969,-75.93000000000023,54
18708,41.29000000000038,-75.97000000000031,9
18709,41.28000000000026,-75.88999999999963,139
18801,41.829999999999934,-75.88000000000021,562
18810,41.94000000000014,-76.47999999999963,145
18812,41.95999999999961,-75.93000000000023,379
18817,41.86000000000019,-76.61000000000037,106
18818,41.90999999999988,-76.02000000000037,475
18821,41.969999999999736,-75.72999999999963,137
18822,41.950000000000266,-75.77999999999969,113
18823,41.77000000000031,-75.66999999999933,28
18824,41.69000000000014,-75.77999999999969,142
18825,41.86000000000019,-75.59999999999957,190
18826,41.76000000000019,-75.77999999999969,111
18828,41.75,-76.09000000000013,308
18829,41.84000000000012,-76.16999999999932,733
18830,41.969999999999736,-76.11000000000037,73
18831,41.88999999999981,-76.52999999999969,151
18832,41.69000000000014,-76.5,86
18833,41.59000000000012,-76.43000000000023,241
18834,41.86000000000019,-75.7099999999994,120
18837,41.86000000000019,-76.29999999999953,131
18839,41.77000000000031,-76.04999999999953,11
18840,41.979999999999684,-76.52000000000037,0
18842,41.75,-75.59999999999957,131
18844,41.70999999999962,-75.90000000000045,202
18845,41.77000000000031,-76.16999999999932,117
18846,41.60000000000025,-76.25,192
18847,41.94000000000014,-75.58000000000067,151
18848,41.76000000000019,-76.4599999999994,311
18850,41.84000000000012,-76.47999999999963,104
18851,41.93000000000019,-76.18999999999956,143
18853,41.700000000000266,-76.27000000000037,184
18854,41.78000000000026,-76.38000000000021,180
18901,40.319999999999816,-75.1199999999998,243
18913,40.38999999999982,-75.06000000000043,199
18914,40.28000000000024,-75.2099999999994,33
18915,40.27000000000031,-75.25999999999947,514
18917,40.3700000000003,-75.20000000000047,494
18920,40.5,-75.08000000000067,553
18923,40.329999999999934,-75.15000000000043,287
18925,40.29000000000037,-75.06000000000043,603
18927,40.34000000000012,-75.27000000000037,283
18929,40.25,-75.09000000000013,8
18930,40.53000000000024,-75.2099999999994,222
18932,40.28000000000024,-75.25,27
18933,40.39999999999976,-75.04999999999953,141
18934,40.34000000000012,-75.06000000000043,33
18936,40.25,-75.22999999999963,53
18938,40.35000000000024,-74.97999999999963,47
18940,40.23999999999982,-74.93999999999957,397
18942,40.45000000000025,-75.15000000000043,659
18944,40.3700000000003,-75.25999999999947,202
18947,40.420000000000066,-75.09999999999957,19
18951,40.44000000000013,-75.34999999999957,60
18954,40.20999999999963,-75.0,117
18955,40.46999999999976,-75.31999999999977,691
18960,40.36000000000018,-75.31000000000043,116
18964,40.309999999999874,-75.31999999999977,271
18966,40.190000000000126,-75.0,31
18969,40.319999999999816,-75.34999999999957,102
18972,40.54000000000037,-75.1199999999998,601
18974,40.20000000000025,-75.09000000000013,315
18976,40.23999999999982,-75.1300000000002,348
18977,40.29000000000037,-74.8800000000002,90
19001,40.120000000000296,-75.1199999999998,344
19002,40.15999999999988,-75.20000000000047,166
19003,40.0,-75.2900000000006,110
19004,40.01000000000018,-75.22999999999963,163
19006,40.120000000000296,-75.04999999999953,40
19007,40.10000000000024,-74.86000000000037,57
19008,39.96999999999976,-75.36000000000037,702
19010,40.02000000000031,-75.31999999999977,355
19012,40.059999999999874,-75.09999999999957,392
19013,39.84000000000012,-75.3699999999998,66
19014,39.86000000000017,-75.43000000000023,334
19015,39.86000000000017,-75.3800000000002,79
19018,39.920000000000066,-75.2900000000006,70
19020,40.11000000000017,-74.93000000000023,406
19021,40.09000000000012,-74.88999999999963,512
19022,39.86000000000017,-75.33000000000067,181
19023,39.90999999999988,-75.25999999999947,84
19025,40.13999999999983,-75.15999999999987,222
19026,39.94000000000012,-75.29999999999953,228
19029,39.86000000000017,-75.2900000000006,139
19030,40.170000000000066,-74.84999999999957,111
19031,40.10000000000024,-75.2099999999994,217
19032,39.88999999999983,-75.2799999999997,878
19033,39.88999999999983,-75.31999999999977,90
19034,40.129999999999704,-75.20000000000047,832
19035,40.04000000000036,-75.2799999999997,330
19036,39.89999999999976,-75.2900000000006,139
19038,40.10000000000024,-75.15000000000043,7
19040,40.170000000000066,-75.09999999999957,140
19041,40.0,-75.31000000000043,481
19043,39.89999999999976,-75.29999999999953,419
19044,40.180000000000184,-75.13999999999963,33
19046,40.10000000000024,-75.11000000000037,34
19047,40.170000000000066,-74.90999999999987,146
19050,39.930000000000184,-75.25999999999947,45
19053,40.14999999999976,-74.97999999999963,1509
19054,40.15999999999988,-74.81999999999977,103
19055,40.13999999999983,-74.83000000000067,91
19056,40.14999999999976,-74.8800000000002,58
19057,40.13999999999983,-74.86000000000037,49
19061,39.829999999999934,-75.43999999999957,137
19063,39.90999999999988,-75.40000000000043,91
19064,39.920000000000066,-75.33000000000067,45
19066,40.0,-75.25,29
19067,40.20999999999963,-74.81999999999977,894
19070,39.89999999999976,-75.31999999999977,720
19072,40.01000000000018,-75.25,36
19073,39.97999999999969,-75.40000000000043,496
19074,39.879999999999704,-75.2900000000006,313
19075,40.11000000000017,-75.18000000000023,110
19076,39.879999999999704,-75.29999999999953,587
19078,39.870000000000296,-75.31999999999977,279
19079,39.89999999999976,-75.25999999999947,48
19081,39.88999999999983,-75.34000000000013,953
19082,39.950000000000244,-75.25999999999947,172
19083,39.96999999999976,-75.31000000000043,2
19085,40.03000000000024,-75.34000000000013,48
19086,39.879999999999704,-75.3699999999998,101
19087,40.04999999999975,-75.40000000000043,12
19090,40.13999999999983,-75.1199999999998,210
19094,39.870000000000296,-75.34000000000013,41
19095,40.079999999999934,-75.15000000000043,332
19096,40.0,-75.27000000000037,13
19102,39.94000000000012,-75.15999999999987,84
19103,39.950000000000244,-75.16999999999933,381
19104,39.950000000000244,-75.20000000000047,323
19106,39.94000000000012,-75.13999999999963,11
19107,39.94000000000012,-75.15000000000043,0
19111,40.04999999999975,-75.08000000000067,934
19112,39.879999999999704,-75.16999999999933,26
19113,39.86000000000017,-75.27000000000037,136
19114,40.059999999999874,-74.99000000000053,43
19115,40.09000000000012,-75.0400000000006,128
19116,40.11000000000017,-75.00999999999947,29
19118,40.079999999999934,-75.20000000000047,366
19119,40.04999999999975,-75.18000000000023,319
19120,40.03000000000024,-75.1199999999998,1020
19121,39.97999999999969,-75.16999999999933,346
19122,39.96999999999976,-75.13999999999963,68
19123,39.95999999999964,-75.15000000000043,153
19124,40.01000000000018,-75.08000000000067,384
19125,39.96999999999976,-75.1199999999998,360
19126,40.04999999999975,-75.1300000000002,269
19127,40.02000000000031,-75.2200000000003,17
19128,40.04000000000036,-75.2200000000003,184
19129,40.01000000000018,-75.18000000000023,69
19130,39.95999999999964,-75.16999999999933,310
19131,39.97999999999969,-75.2200000000003,139
19132,39.98999999999982,-75.15999999999987,230
19133,39.98999999999982,-75.13999999999963,0
19134,39.98999999999982,-75.11000000000037,108
19135,40.02000000000031,-75.04999999999953,142
19136,40.04000000000036,-75.02000000000037,532
19137,40.0,-75.06999999999977,466
19138,40.04999999999975,-75.15000000000043,120
19139,39.95999999999964,-75.22999999999963,751
19140,40.01000000000018,-75.13999999999963,282
19141,40.03000000000024,-75.13999999999963,15
19142,39.920000000000066,-75.22999999999963,96
19143,39.94000000000012,-75.2200000000003,678
19144,40.03000000000024,-75.16999999999933,28
19145,39.920000000000066,-75.18000000000023,28
19146,39.930000000000184,-75.16999999999933,60
19147,39.930000000000184,-75.15000000000043,74
19148,39.920000000000066,-75.15000000000043,624
19149,40.03000000000024,-75.06000000000043,277
19150,40.069999999999816,-75.16999999999933,97
19151,39.96999999999976,-75.25,201
19152,40.059999999999874,-75.0400000000006,95
19153,39.89999999999976,-75.24000000000053,441
19154,40.079999999999934,-74.9700000000003,78
19301,40.04000000000036,-75.47999999999963,333
19310,39.94000000000012,-75.97000000000031,21
19311,39.819999999999816,-75.75999999999945,117
19312,40.04000000000036,-75.43999999999957,75
19317,39.86000000000017,-75.58000000000067,127
19319,39.90999999999988,-75.5400000000006,110
19320,39.97999999999969,-75.81999999999977,60
19330,39.870000000000296,-75.91999999999932,112
19333,40.04000000000036,-75.41999999999933,1064
19335,40.01000000000018,-75.7099999999994,766
19341,40.04000000000036,-75.63999999999963,79
19342,39.89999999999976,-75.5,0
19343,40.079999999999934,-75.77000000000037,112
19344,40.079999999999934,-75.88000000000021,56
19346,39.79000000000036,-75.86999999999979,192
19348,39.85000000000024,-75.70000000000047,824
19350,39.76000000000018,-75.77999999999969,236
19352,39.78000000000024,-75.88000000000021,89
19355,40.03000000000024,-75.52999999999969,127
19362,39.73999999999982,-76.02999999999969,190
19363,39.78000000000024,-75.97999999999963,146
19365,39.95999999999964,-75.91999999999932,30
19372,40.0,-75.75999999999945,24
19373,39.89999999999976,-75.52999999999969,290
19374,39.819999999999816,-75.77999999999969,11
19380,39.97999999999969,-75.59000000000013,459
19382,39.94000000000012,-75.58000000000067,185
19390,39.819999999999816,-75.83000000000067,21
19401,40.120000000000296,-75.33000000000067,88
19403,40.13999999999983,-75.3800000000002,502
19405,40.10000000000024,-75.34000000000013,412
19406,40.09000000000012,-75.3699999999998,88
19422,40.14999999999976,-75.27000000000037,259
19425,40.09000000000012,-75.6300000000002,293
19426,40.180000000000184,-75.43999999999957,150
19428,40.069999999999816,-75.29999999999953,382
19435,40.29000000000037,-75.52999999999969,137
19436,40.20000000000025,-75.25,325
19438,40.26000000000018,-75.3800000000002,28
19440,40.27000000000031,-75.2900000000006,617
19444,40.079999999999934,-75.25999999999947,187
19446,40.22999999999969,-75.2900000000006,168
19453,40.129999999999704,-75.49000000000053,109
19454,40.20999999999963,-75.25,27
19460,40.120000000000296,-75.52000000000037,204
19462,40.10000000000024,-75.27000000000037,275
19464,40.23999999999982,-75.6300000000002,75
19468,40.190000000000126,-75.52999999999969,46
19473,40.23999999999982,-75.4599999999994,78
19475,40.170000000000066,-75.56000000000043,90
19477,40.180000000000184,-75.22999999999963,181
19492,40.28000000000024,-75.47999999999963,48
19501,40.23999999999982,-76.04999999999953,297
19503,40.39999999999976,-75.58000000000067,329
19504,40.3799999999997,-75.56999999999977,28
19505,40.3700000000003,-75.6199999999998,0
19506,40.45000000000025,-76.11999999999979,133
19507,40.47999999999969,-76.27000000000037,187
19508,40.25,-75.83000000000067,209
19510,40.44000000000013,-75.88000000000021,48
19512,40.329999999999934,-75.65999999999987,104
19518,40.27000000000031,-75.72999999999963,264
19520,40.14999999999976,-75.77999999999969,111
19522,40.44000000000013,-75.81000000000043,101
19525,40.29999999999975,-75.59000000000013,34
19526,40.54000000000037,-75.97999999999963,453
19529,40.62999999999969,-75.84999999999957,149
19530,40.52000000000031,-75.77000000000037,50
19533,40.40999999999988,-75.99000000000055,140
19534,40.56999999999981,-75.84000000000013,500
19539,40.48999999999982,-75.68000000000023,222
19540,40.25,-75.97999999999963,78
19541,40.46999999999976,-76.00999999999945,214
19543,40.14999999999976,-75.88999999999963,304
19547,40.3799999999997,-75.77000000000037,50
19549,40.579999999999934,-76.02000000000037,15
19551,40.35000000000024,-76.13000000000021,247
19555,40.48999999999982,-75.9599999999994,164
19560,40.39999999999976,-75.90000000000045,201
19562,40.5,-75.70000000000047,66
19565,40.319999999999816,-76.09000000000013,123
19567,40.3700000000003,-76.18999999999956,64
19601,40.34000000000012,-75.93000000000023,205
19602,40.329999999999934,-75.90999999999987,386
19604,40.35000000000024,-75.90999999999987,26
19605,40.3799999999997,-75.93000000000023,757
19606,40.319999999999816,-75.86000000000037,198
19607,40.29000000000037,-75.95000000000047,267
19608,40.309999999999874,-76.02000000000037,106
19609,40.319999999999816,-75.99000000000055,150
19610,40.329999999999934,-75.97000000000031,52
19611,40.319999999999816,-75.93999999999956,276
